id;quote_id;quote_status;created_at
1;channels;back-end District Assistant;2023-02-19T11:21:06
2;transmitter vortals;Cambridgeshire withdrawal Avon;2023-02-20T06:19:49
3;Applications invoice;Computers;2023-02-19T19:03:43
4;SAS alarm;North Dakota;2023-02-19T21:17:28
5;Central;Functionality matrices;2023-02-19T18:25:54
6;Croatian;Senior;2023-02-20T00:05:38
7;Sausages;payment complexity;2023-02-19T15:53:47
8;Integration Islands Nicaragua;Director Movies;2023-02-20T03:12:08
9;Dynamic;grey;2023-02-19T19:04:52
10;Shoes Liaison;bandwidth empowering Identity;2023-02-19T23:08:41
