id;transaction_id;channel;status_code;status_desc
1;Kentucky;Gorgeous;Chips Wyoming;B2B
2;Operations orchestrate Estates;cross-platform Garden;matrix Innovative;didactic Cotton Small
3;payment Zimbabwe;up;Re-contextualized multi-state withdrawal;scalable Course
4;synthesizing cross-platform 4th;primary;Bedfordshire JBOD;deliver Forest Fantastic
5;Shirt;connecting synthesizing Rica;overriding Clothing full-range;invoice Soap connect
6;JSON;Berkshire Carolina;Avon;parsing JBOD
7;holistic;Denar;metrics Lek;silver deposit Account
8;Berkshire;Shilling deposit Ameliorated;Rustic Electronics;BEAC eyeballs
9;Extension;moderator synergies Botswana;best-of-breed Forward;capacitor local
10;software Drive program;Global hard Sahara;object-oriented Rubber invoice;Moldovan line
